Rachel,Patterson
Ivan,Vasquez
Aaron,Thompson
Jennifer,Randall
Kathryn,Hill
Emily,Mendez
Alicia,Davis
Alexander,Williams
Adam,Boone
Dana,Kelly
Brittany,Pierce
Aaron,Wolfe
Randy,Young
Raymond,Rogers
Johnathan,Alexander
Heather,French
Mary,Hughes
Thomas,Sullivan
Dennis,Caldwell
Lindsey,Farrell
Mark,Hendricks
Rebecca,Stuart
Jessica,Phillips
Michelle,Collins
Barbara,Hernandez
Jacob,Johnson
Cody,Ryan
Victoria,Johnson
Phillip,Berry
Natalie,Goodman
Jennifer,Hernandez
Denise,Harper
John,Cook
Michael,Turner
Molly,Neal
Joshua,Ewing
Robert,Johnson
Nancy,Wiley
Kelly,Young
John,Lopez
Amanda,Williams
Amanda,Perry
Reginald,Irwin
Gary,Wood
Lisa,Stephens
Christopher,Pena
Michael,Sparks
Paula,Wall
Rita,Roberts
Evan,Dixon
Nicholas,Payne
Lisa,White
Ronald,Francis
Theresa,Moreno
Christopher,Meadows
Keith,Black
Emma,Wells
Kathryn,Taylor
Anthony,Thomas
Clarence,Parker
Mark,Harper
Nicole,Flores
Daniel,Lozano
Lisa,Carter
Samantha,Harmon
Sean,Gillespie
Billy,Mercado
Christine,Kim
Paul,Edwards
Ricky,Chang
Vanessa,King
Jesse,West
James,Gill
Jennifer,Ponce
Stephanie,Russell
Lauren,Wright
Kevin,Ross
Dan,Cochran
Andrew,Ryan
Jennifer,Galloway
Brooke,Walker
Charles,Owens
Miguel,Peterson
Richard,Poole
Charles,Woods
Tammy,Sanders
Lisa,Singleton
Lisa,Anderson
William,Figueroa
Victoria,Erickson
Whitney,Bruce
Mary,Collins
Olivia,Freeman
Manuel,Goodman
Jamie,Moreno
William,Cross
Sheila,Lewis
Steven,Lozano
James,Ferguson
Gary,Cunningham
